# Full companion to lifetable_us_male.csv: ages 0-120, all life table columns.
# Ages 0-99 qx/lx/dx/Lx: Arias E, Xu JQ, Kochanek K. United States life tables, 2023. Natl Vital Stat Rep. 2025 Jul 15;74(6):1-63. DOI: 10.15620/cdc/174591
# Ages 100-119 qx: U.S. Social Security Administration, Office of the Chief Actuary. Actuarial Life Table: Period Life Table, 2023, as used in the 2026 Trustees Report. (https://www.ssa.gov/oact/STATS/table4c6.html)
# Age 120 row is the arithmetic closure (qx=1), not a published value.
# Included so a consumer can recompute e0 and validate against published 75.8.
age,qx,lx,dx,Lx,Tx,ex,qx_source
0,0.006023,100000.0000,602.2673,99476.6328,7581808.73,75.8181,NCHS_NVSR_74_6_Table2
1,0.000481,99397.7344,47.8506,99373.8125,7482332.10,75.2767,NCHS_NVSR_74_6_Table2
2,0.000332,99349.8828,33.0157,99333.3750,7382958.29,74.3127,NCHS_NVSR_74_6_Table2
3,0.000237,99316.8672,23.5656,99305.0859,7283624.91,73.3372,NCHS_NVSR_74_6_Table2
4,0.000179,99293.3047,17.8160,99284.3984,7184319.82,72.3545,NCHS_NVSR_74_6_Table2
5,0.000165,99275.4922,16.4082,99267.2891,7085035.43,71.3674,NCHS_NVSR_74_6_Table2
6,0.000151,99259.0859,15.0260,99251.5781,6985768.14,70.3791,NCHS_NVSR_74_6_Table2
7,0.000139,99244.0625,13.7912,99237.1719,6886516.56,69.3897,NCHS_NVSR_74_6_Table2
8,0.000122,99230.2734,12.0779,99224.2344,6787279.39,68.3993,NCHS_NVSR_74_6_Table2
9,0.000101,99218.1953,10.0411,99213.1719,6688055.15,67.4075,NCHS_NVSR_74_6_Table2
10,0.000087,99208.1562,8.6517,99203.8281,6588841.98,66.4143,NCHS_NVSR_74_6_Table2
11,0.000097,99199.5078,9.6031,99194.7031,6489638.15,65.4201,NCHS_NVSR_74_6_Table2
12,0.000150,99189.9062,14.8575,99182.4766,6390443.45,64.4263,NCHS_NVSR_74_6_Table2
13,0.000256,99175.0469,25.3467,99162.3750,6291260.97,63.4359,NCHS_NVSR_74_6_Table2
14,0.000397,99149.7031,39.3748,99130.0156,6192098.60,62.4520,NCHS_NVSR_74_6_Table2
15,0.000551,99110.3281,54.6402,99083.0078,6092968.58,61.4766,NCHS_NVSR_74_6_Table2
16,0.000698,99055.6875,69.1197,99021.1250,5993885.57,60.5103,NCHS_NVSR_74_6_Table2
17,0.000833,98986.5703,82.4939,98945.3281,5894864.45,59.5522,NCHS_NVSR_74_6_Table2
18,0.000953,98904.0781,94.2062,98856.9766,5795919.12,58.6014,NCHS_NVSR_74_6_Table2
19,0.001061,98809.8750,104.8166,98757.4688,5697062.15,57.6568,NCHS_NVSR_74_6_Table2
20,0.001175,98705.0547,116.0101,98647.0469,5598304.68,56.7175,NCHS_NVSR_74_6_Table2
21,0.001295,98589.0469,127.6536,98525.2188,5499657.63,55.7837,NCHS_NVSR_74_6_Table2
22,0.001401,98461.3906,137.9227,98392.4297,5401132.41,54.8553,NCHS_NVSR_74_6_Table2
23,0.001487,98323.4688,146.2316,98250.3516,5302739.98,53.9316,NCHS_NVSR_74_6_Table2
24,0.001560,98177.2344,153.1607,98100.6562,5204489.63,53.0112,NCHS_NVSR_74_6_Table2
25,0.001625,98024.0703,159.3063,97944.4219,5106388.97,52.0932,NCHS_NVSR_74_6_Table2
26,0.001697,97864.7656,166.0292,97781.7500,5008444.55,51.1772,NCHS_NVSR_74_6_Table2
27,0.001783,97698.7344,174.2165,97611.6250,4910662.80,50.2633,NCHS_NVSR_74_6_Table2
28,0.001890,97524.5156,184.3266,97432.3516,4813051.18,49.3522,NCHS_NVSR_74_6_Table2
29,0.002008,97340.1875,195.4458,97242.4688,4715618.82,48.4447,NCHS_NVSR_74_6_Table2
30,0.002127,97144.7422,206.6276,97041.4297,4618376.36,47.5412,NCHS_NVSR_74_6_Table2
31,0.002237,96938.1172,216.8562,96829.6875,4521334.93,46.6415,NCHS_NVSR_74_6_Table2
32,0.002336,96721.2578,225.9315,96608.2969,4424505.24,45.7449,NCHS_NVSR_74_6_Table2
33,0.002423,96495.3281,233.7910,96378.4375,4327896.94,44.8508,NCHS_NVSR_74_6_Table2
34,0.002505,96261.5391,241.1041,96140.9844,4231518.50,43.9586,NCHS_NVSR_74_6_Table2
35,0.002588,96020.4375,248.4919,95896.1875,4135377.52,43.0677,NCHS_NVSR_74_6_Table2
36,0.002680,95771.9453,256.6629,95643.6094,4039481.33,42.1781,NCHS_NVSR_74_6_Table2
37,0.002784,95515.2812,265.9449,95382.3125,3943837.72,41.2901,NCHS_NVSR_74_6_Table2
38,0.002903,95249.3359,276.5048,95111.0781,3848455.41,40.4040,NCHS_NVSR_74_6_Table2
39,0.003032,94972.8281,287.9340,94828.8594,3753344.33,39.5202,NCHS_NVSR_74_6_Table2
40,0.003176,94684.8906,300.7400,94534.5156,3658515.47,38.6389,NCHS_NVSR_74_6_Table2
41,0.003326,94384.1484,313.8825,94227.2031,3563980.96,37.7604,NCHS_NVSR_74_6_Table2
42,0.003464,94070.2656,325.8625,93907.3359,3469753.75,36.8847,NCHS_NVSR_74_6_Table2
43,0.003588,93744.4062,336.3892,93576.2109,3375846.42,36.0112,NCHS_NVSR_74_6_Table2
44,0.003714,93408.0156,346.8976,93234.5625,3282270.21,35.1391,NCHS_NVSR_74_6_Table2
45,0.003862,93061.1172,359.3839,92881.4219,3189035.65,34.2682,NCHS_NVSR_74_6_Table2
46,0.004052,92701.7344,375.5923,92513.9375,3096154.22,33.3991,NCHS_NVSR_74_6_Table2
47,0.004284,92326.1406,395.5510,92128.3594,3003640.29,32.5329,NCHS_NVSR_74_6_Table2
48,0.004557,91930.5859,418.9086,91721.1328,2911511.93,31.6708,NCHS_NVSR_74_6_Table2
49,0.004859,91511.6797,444.6589,91289.3516,2819790.79,30.8135,NCHS_NVSR_74_6_Table2
50,0.005182,91067.0234,471.8933,90831.0781,2728501.44,29.9615,NCHS_NVSR_74_6_Table2
51,0.005535,90595.1328,501.4615,90344.4062,2637670.36,29.1149,NCHS_NVSR_74_6_Table2
52,0.005938,90093.6719,534.9734,89826.1875,2547325.96,28.2742,NCHS_NVSR_74_6_Table2
53,0.006411,89558.6953,574.1477,89271.6250,2457499.77,27.4401,NCHS_NVSR_74_6_Table2
54,0.006960,88984.5469,619.3388,88674.8750,2368228.15,26.6139,NCHS_NVSR_74_6_Table2
55,0.007549,88365.2109,667.0304,88031.6953,2279553.27,25.7970,NCHS_NVSR_74_6_Table2
56,0.008183,87698.1797,717.6189,87339.3750,2191521.57,24.9894,NCHS_NVSR_74_6_Table2
57,0.008909,86980.5625,774.9067,86593.1094,2104182.20,24.1914,NCHS_NVSR_74_6_Table2
58,0.009721,86205.6562,838.0297,85786.6406,2017589.09,23.4044,NCHS_NVSR_74_6_Table2
59,0.010581,85367.6250,903.3022,84915.9688,1931802.45,22.6292,NCHS_NVSR_74_6_Table2
60,0.011457,84464.3203,967.6900,83980.4766,1846886.48,21.8659,NCHS_NVSR_74_6_Table2
61,0.012333,83496.6328,1029.7734,82981.7500,1762906.00,21.1135,NCHS_NVSR_74_6_Table2
62,0.013223,82466.8594,1090.4208,81921.6484,1679924.25,20.3709,NCHS_NVSR_74_6_Table2
63,0.014147,81376.4375,1151.2493,80800.8125,1598002.61,19.6372,NCHS_NVSR_74_6_Table2
64,0.015132,80225.1875,1213.9521,79618.2109,1517201.79,18.9118,NCHS_NVSR_74_6_Table2
65,0.016196,79011.2344,1279.7021,78371.3828,1437583.58,18.1947,NCHS_NVSR_74_6_Table2
66,0.017494,77731.5312,1359.8292,77051.6172,1359212.20,17.4860,NCHS_NVSR_74_6_Table2
67,0.018695,76371.7031,1427.7839,75657.8125,1282160.58,16.7884,NCHS_NVSR_74_6_Table2
68,0.019985,74943.9219,1497.7780,74195.0312,1206502.77,16.0987,NCHS_NVSR_74_6_Table2
69,0.021360,73446.1406,1568.8057,72661.7344,1132307.74,15.4168,NCHS_NVSR_74_6_Table2
70,0.022642,71877.3359,1627.4377,71063.6172,1059646.00,14.7424,NCHS_NVSR_74_6_Table2
71,0.024317,70249.8984,1708.2889,69395.7500,988582.39,14.0724,NCHS_NVSR_74_6_Table2
72,0.026170,68541.6094,1793.7382,67644.7422,919186.64,13.4106,NCHS_NVSR_74_6_Table2
73,0.028328,66747.8750,1890.8475,65802.4531,851541.90,12.7576,NCHS_NVSR_74_6_Table2
74,0.030787,64857.0273,1996.7271,63858.6641,785739.44,12.1149,NCHS_NVSR_74_6_Table2
75,0.033522,62860.3008,2107.1907,61806.7031,721880.78,11.4839,NCHS_NVSR_74_6_Table2
76,0.036028,60753.1094,2188.7930,59658.7109,660074.07,10.8649,NCHS_NVSR_74_6_Table2
77,0.040607,58564.3164,2378.1375,57375.2500,600415.36,10.2522,NCHS_NVSR_74_6_Table2
78,0.044020,56186.1797,2473.3044,54949.5273,543040.11,9.6650,NCHS_NVSR_74_6_Table2
79,0.049348,53712.8750,2650.6289,52387.5625,488090.59,9.0870,NCHS_NVSR_74_6_Table2
80,0.054164,51062.2461,2765.7339,49679.3789,435703.02,8.5328,NCHS_NVSR_74_6_Table2
81,0.061040,48296.5117,2948.0386,46822.4922,386023.65,7.9928,NCHS_NVSR_74_6_Table2
82,0.068034,45348.4727,3085.2256,43805.8594,339201.15,7.4799,NCHS_NVSR_74_6_Table2
83,0.075182,42263.2461,3177.4165,40674.5391,295395.29,6.9894,NCHS_NVSR_74_6_Table2
84,0.082862,39085.8281,3238.7312,37466.4609,254720.75,6.5170,NCHS_NVSR_74_6_Table2
85,0.092160,35847.0977,3303.6782,34195.2578,217254.29,6.0606,NCHS_NVSR_74_6_Table2
86,0.103004,32543.4199,3352.1025,30867.3672,183059.04,5.6251,NCHS_NVSR_74_6_Table2
87,0.115464,29191.3164,3370.5400,27506.0469,152191.67,5.2136,NCHS_NVSR_74_6_Table2
88,0.129086,25820.7773,3333.0913,24154.2305,124685.62,4.8289,NCHS_NVSR_74_6_Table2
89,0.143895,22487.6855,3235.8647,20869.7539,100531.39,4.4705,NCHS_NVSR_74_6_Table2
90,0.159898,19251.8203,3078.3267,17712.6562,79661.64,4.1379,NCHS_NVSR_74_6_Table2
91,0.177078,16173.4941,2863.9673,14741.5107,61948.98,3.8303,NCHS_NVSR_74_6_Table2
92,0.195392,13309.5273,2600.5732,12009.2402,47207.47,3.5469,NCHS_NVSR_74_6_Table2
93,0.214769,10708.9541,2299.9526,9558.9785,35198.23,3.2868,NCHS_NVSR_74_6_Table2
94,0.235109,8409.0020,1977.0349,7420.4844,25639.25,3.0490,NCHS_NVSR_74_6_Table2
95,0.256283,6431.9668,1648.4067,5607.7637,18218.77,2.8325,NCHS_NVSR_74_6_Table2
96,0.278136,4783.5601,1330.4779,4118.3213,12611.00,2.6363,NCHS_NVSR_74_6_Table2
97,0.300487,3453.0820,1037.6045,2934.2798,8492.68,2.4594,NCHS_NVSR_74_6_Table2
98,0.323140,2415.4775,780.5369,2025.2091,5558.40,2.3012,NCHS_NVSR_74_6_Table2
99,0.345888,1634.9407,565.5059,1352.1877,3533.19,2.1611,NCHS_NVSR_74_6_Table2
100,0.366568,1069.4348,392.0206,873.4245,2181.01,2.0394,SSA_period_life_table_2023
101,0.384960,677.4142,260.7774,547.0255,1307.58,1.9303,SSA_period_life_table_2023
102,0.404252,416.6369,168.4263,332.4237,760.56,1.8255,SSA_period_life_table_2023
103,0.424488,248.2106,105.3624,195.5294,428.13,1.7249,SSA_period_life_table_2023
104,0.445712,142.8482,63.6691,111.0136,232.60,1.6283,SSA_period_life_table_2023
105,0.467998,79.1790,37.0556,60.6512,121.59,1.5356,SSA_period_life_table_2023
106,0.491398,42.1234,20.6994,31.7737,60.94,1.4467,SSA_period_life_table_2023
107,0.515968,21.4240,11.0541,15.8970,29.16,1.3613,SSA_period_life_table_2023
108,0.541766,10.3699,5.6181,7.5609,13.27,1.2794,SSA_period_life_table_2023
109,0.568854,4.7519,2.7031,3.4003,5.71,1.2008,SSA_period_life_table_2023
110,0.597297,2.0487,1.2237,1.4369,2.31,1.1255,SSA_period_life_table_2023
111,0.627162,0.8250,0.5174,0.5663,0.87,1.0534,SSA_period_life_table_2023
112,0.658520,0.3076,0.2026,0.2063,0.30,0.9842,SSA_period_life_table_2023
113,0.691446,0.1050,0.0726,0.0687,0.10,0.9179,SSA_period_life_table_2023
114,0.726018,0.0324,0.0235,0.0206,0.03,0.8544,SSA_period_life_table_2023
115,0.762319,0.0089,0.0068,0.0055,0.01,0.7936,SSA_period_life_table_2023
116,0.800435,0.0021,0.0017,0.0013,0.00,0.7354,SSA_period_life_table_2023
117,0.840457,0.0004,0.0004,0.0002,0.00,0.6797,SSA_period_life_table_2023
118,0.882480,0.0001,0.0001,0.0000,0.00,0.6261,SSA_period_life_table_2023
119,0.926604,0.0000,0.0000,0.0000,0.00,0.5734,SSA_period_life_table_2023
120,1.000000,0.0000,0.0000,0.0000,0.00,0.5000,closure_qx=1_at_120
