029c6990dfd31d16	https://www.jointaro.com/interviews/companies/akuna-capital/experiences/c-developer-intern-china-march-2-2021-no-offer-neutral-e499b485
a092498c92b07fc5	https://www.jointaro.com/interviews/companies/akuna-capital/experiences/c-developer-intern-shanghai-shanghai-april-1-2021-no-offer-neutral-1eede0f9
9caccf81af8082d9	https://www.jointaro.com/interviews/companies/akuna-capital/experiences/c-developer-intern-united-states-august-1-2021-no-offer-positive-e98411cb
3c77bb26b436cc37	https://www.jointaro.com/interviews/companies/akuna-capital/experiences/c-engineer-internship-chicago-il-november-1-2023-no-offer-positive-c0a2b194
6c3faf64b1d8439d	https://www.jointaro.com/interviews/companies/akuna-capital/experiences/data-engineering-intern-chicago-il-october-1-2020-no-offer-neutral-fbef7b45
64fd88be017cfa8b	https://www.jointaro.com/interviews/companies/akuna-capital/experiences/data-engineer-intern-chicago-il-may-6-2024-no-offer-neutral-9f38b42c
4b2a4bad4d0c6723	https://www.jointaro.com/interviews/companies/akuna-capital/experiences/full-stack-web-developer-intern-united-states-august-14-2025-no-offer-neutral-15c9f702
50d573ba033fffd7	https://www.jointaro.com/interviews/companies/akuna-capital/experiences/intern-software-developer-sydney-may-1-2021-accepted-offer-positive-32a407e8
4e83358d45a0a988	https://www.jointaro.com/interviews/companies/akuna-capital/experiences/junior-c-intern-united-states-february-1-2017-declined-offer-positive-b815403a
1a50ad0b3b5604f8	https://www.jointaro.com/interviews/companies/akuna-capital/experiences/junior-quantitave-developer-charlotte-nc-february-1-2021-no-offer-positive-1431d9bc
83fb9f2108080d4d	https://www.jointaro.com/interviews/companies/akuna-capital/experiences/python-developer-intern-canada-july-7-2021-no-offer-neutral-9e415c74
16140e4acda9092a	https://www.jointaro.com/interviews/companies/akuna-capital/experiences/python-developer-intern-chicago-il-october-1-2021-no-offer-negative-a708575f
5f8f35a1090b8015	https://www.jointaro.com/interviews/companies/akuna-capital/experiences/python-developer-intern-position-united-states-october-2-2021-no-offer-neutral-da7b8194
ebc6f8388b372efd	https://www.jointaro.com/interviews/companies/akuna-capital/experiences/python-developer-intern-united-states-october-19-2022-no-offer-positive-0d6f770c
ef5b4973a8573b01	https://www.jointaro.com/interviews/companies/akuna-capital/experiences/python-quant-developer-united-states-october-1-2016-no-offer-positive-9fc9a29a
b751ebbe64bf492f	https://www.jointaro.com/interviews/companies/akuna-capital/experiences/quant-and-trading-pythonc-chicago-il-september-1-2023-no-offer-neutral-44fce629
4383927406c9ae9b	https://www.jointaro.com/interviews/companies/akuna-capital/experiences/quant-development-australia-october-11-2019-no-offer-positive-93e67962
6b88de40dce9d8cf	https://www.jointaro.com/interviews/companies/akuna-capital/experiences/quant-development-boston-ma-october-1-2020-no-offer-neutral-05436f5d
81b65c7bbdddce15	https://www.jointaro.com/interviews/companies/akuna-capital/experiences/quant-dynamic-2019-python-united-states-february-1-2019-no-offer-neutral-1bd653c0
979789352c6c807e	https://www.jointaro.com/interviews/companies/akuna-capital/experiences/quantitative-software-developer-chicago-il-september-1-2017-no-offer-positive-b34232d5
7152d8806ee24b81	https://www.jointaro.com/interviews/companies/akuna-capital/experiences/quantitative-software-developer-united-states-july-1-2018-no-offer-negative-04c8914b
32c8658ac5075a51	https://www.jointaro.com/interviews/companies/akuna-capital/experiences/quantitative-software-developer-united-states-september-14-2019-no-offer-neutral-a39e2635
3246ea68386aae24	https://www.jointaro.com/interviews/companies/akuna-capital/experiences/sde-intern-japan-april-1-2023-no-offer-neutral-34284c49
a658507599a24b07	https://www.jointaro.com/interviews/companies/akuna-capital/experiences/sde-intern-united-states-november-1-2022-no-offer-negative-4df13ee1
173f87674f35de65	https://www.jointaro.com/interviews/companies/akuna-capital/experiences/software-developer-internship-sydney-december-5-2023-accepted-offer-positive-6f37cdbf
843bfa6314452e84	https://www.jointaro.com/interviews/companies/akuna-capital/experiences/software-developer-intern-sydney-april-1-2022-no-offer-positive-f16aec13
b6be881d866e47c8	https://www.jointaro.com/interviews/companies/akuna-capital/experiences/software-developer-intern-sydney-march-1-2021-no-offer-positive-5dac8b02
e8ad20a811614acb	https://www.jointaro.com/interviews/companies/akuna-capital/experiences/software-developer-intern-united-states-september-9-2022-no-offer-neutral-ac602742
88fc6ffb0a1a5092	https://www.jointaro.com/interviews/companies/akuna-capital/experiences/software-development-engineer-sde-intern-united-states-september-20-2022-no-offer-positive-307459b4
971faf4db7c4e1e4	https://www.jointaro.com/interviews/companies/akuna-capital/experiences/software-development-intern-boston-ma-september-1-2021-no-offer-neutral-98b0a296
1dca9a4312dce5fc	https://www.jointaro.com/interviews/companies/akuna-capital/experiences/software-development-internship-sydney-march-1-2021-no-offer-neutral-caf76240
77d927c89ff8f04b	https://www.jointaro.com/interviews/companies/akuna-capital/experiences/software-development-intern-united-states-october-1-2021-accepted-offer-positive-fe8de58b
eb6be5735ebd84a8	https://www.jointaro.com/interviews/companies/akuna-capital/experiences/software-engineering-intern-atlanta-ga-september-1-2024-accepted-offer-positive-a37f940a
f42d7ad1149f0c44	https://www.jointaro.com/interviews/companies/akuna-capital/experiences/software-engineering-intern-canada-august-1-2020-no-offer-neutral-81089713
d164b0739dcdd726	https://www.jointaro.com/interviews/companies/akuna-capital/experiences/software-engineer-intern-australia-june-27-2023-no-offer-neutral-c6b1fb8a
bdc432491387a607	https://www.jointaro.com/interviews/companies/akuna-capital/experiences/software-engineer-intern-champaign-il-february-1-2014-no-offer-positive-39d6ba50
c0690095f45a717d	https://www.jointaro.com/interviews/companies/akuna-capital/experiences/software-engineer-intern-chicago-il-august-20-2024-no-offer-positive-53ce24a0
1c6a9a5b618a2b72	https://www.jointaro.com/interviews/companies/akuna-capital/experiences/software-engineerinternship-australia-april-1-2023-no-offer-neutral-7a20be67
8998731fdc93261b	https://www.jointaro.com/interviews/companies/akuna-capital/experiences/software-engineerinternship-australia-april-23-2021-no-offer-positive-a81158ab
2ce3d3efcb21820a	https://www.jointaro.com/interviews/companies/akuna-capital/experiences/software-engineerinternship-australia-may-27-2022-no-offer-neutral-3f71c54f
bca619ecf89659c0	https://www.jointaro.com/interviews/companies/akuna-capital/experiences/software-engineerinternship-australia-may-3-2023-no-offer-positive-885f6506
8bf8512e835f11db	https://www.jointaro.com/interviews/companies/akuna-capital/experiences/software-engineerinternship-australia-september-28-2023-no-offer-positive-49af213d
79a3dcaa715025e4	https://www.jointaro.com/interviews/companies/akuna-capital/experiences/software-engineerinternship-baltimore-md-october-1-2017-no-offer-neutral-0dbe0a38
7649af5b97303cf5	https://www.jointaro.com/interviews/companies/akuna-capital/experiences/software-engineerinternship-boston-ma-october-20-2024-no-offer-positive-095a5258
ed909f2c84e302d9	https://www.jointaro.com/interviews/companies/akuna-capital/experiences/software-engineerinternship-canada-may-27-2022-accepted-offer-positive-45a422be
bda581a027901024	https://www.jointaro.com/interviews/companies/akuna-capital/experiences/software-engineerinternship-chicago-il-august-1-2017-no-offer-neutral-8498dd65
17f3ae80258be5ca	https://www.jointaro.com/interviews/companies/akuna-capital/experiences/software-engineerinternship-chicago-il-october-9-2023-no-offer-neutral-7d132652
7574276bf15d731e	https://www.jointaro.com/interviews/companies/akuna-capital/experiences/software-engineerinternship-chicago-il-september-7-2023-no-offer-neutral-e053d8ad
4830053279e1129e	https://www.jointaro.com/interviews/companies/akuna-capital/experiences/software-engineerinternship-lexington-fayette-ky-june-1-2022-no-offer-negative-c01aacbe
d40ff493a634b64e	https://www.jointaro.com/interviews/companies/akuna-capital/experiences/software-engineerinternship-new-york-ny-january-1-2024-no-offer-positive-139564a4
e7817d66f54279de	https://www.jointaro.com/interviews/companies/akuna-capital/experiences/software-engineerinternship-new-york-ny-september-14-2023-no-offer-neutral-f110fd11
257a812523cf3d56	https://www.jointaro.com/interviews/companies/akuna-capital/experiences/software-engineerinternship-new-zealand-june-25-2019-no-offer-neutral-2c79ad8c
e75e367f90f11ae2	https://www.jointaro.com/interviews/companies/akuna-capital/experiences/software-engineerinternship-shanghai-shanghai-march-1-2023-declined-offer-neutral-1a0af07d
52e897d5237cc7a5	https://www.jointaro.com/interviews/companies/akuna-capital/experiences/software-engineerinternship-united-states-april-1-2018-no-offer-positive-c8c801b8
6e927e4bd1a3f8aa	https://www.jointaro.com/interviews/companies/akuna-capital/experiences/software-engineerinternship-united-states-august-11-2021-no-offer-neutral-94ae6c26
925388b163cf7b5f	https://www.jointaro.com/interviews/companies/akuna-capital/experiences/software-engineerinternship-united-states-august-1-2019-no-offer-neutral-1ee81320
451010c5aef10b98	https://www.jointaro.com/interviews/companies/akuna-capital/experiences/software-engineerinternship-united-states-august-17-2022-no-offer-neutral-94338372
d037a31ab0347972	https://www.jointaro.com/interviews/companies/akuna-capital/experiences/software-engineerinternship-united-states-august-2-2023-no-offer-neutral-2ee407e1
f845d381dac29f68	https://www.jointaro.com/interviews/companies/akuna-capital/experiences/software-engineerinternship-united-states-december-1-2019-no-offer-positive-bd796522
24dd6fdc25f3d8f5	https://www.jointaro.com/interviews/companies/akuna-capital/experiences/software-engineerinternship-united-states-december-7-2020-no-offer-positive-ca5f71f5
341879447fd6c6b1	https://www.jointaro.com/interviews/companies/akuna-capital/experiences/software-engineerinternship-united-states-february-5-2020-no-offer-neutral-c48c011c
bf58a3ff27727dbd	https://www.jointaro.com/interviews/companies/akuna-capital/experiences/software-engineerinternship-united-states-january-13-2022-no-offer-positive-29b445cb
f44dbd8b57a4b90f	https://www.jointaro.com/interviews/companies/akuna-capital/experiences/software-engineerinternship-united-states-january-2-2018-no-offer-positive-e2a7f076
230dc9d5f0e264c8	https://www.jointaro.com/interviews/companies/akuna-capital/experiences/software-engineerinternship-united-states-march-1-2022-no-offer-positive-3365c02b
a46116e72c0adcc8	https://www.jointaro.com/interviews/companies/akuna-capital/experiences/software-engineerinternship-united-states-november-1-2022-no-offer-neutral-dd3a56e1
023d6b0afabc7f55	https://www.jointaro.com/interviews/companies/akuna-capital/experiences/software-engineerinternship-united-states-october-12-2021-no-offer-positive-ce2ff14a
48788be34cc3c251	https://www.jointaro.com/interviews/companies/akuna-capital/experiences/software-engineerinternship-united-states-october-3-2023-no-offer-neutral-41a70739
ed69e3a88a5cc4a2	https://www.jointaro.com/interviews/companies/akuna-capital/experiences/software-engineerinternship-united-states-september-1-2021-no-offer-negative-605fa5b0
6419a033ec1e48d0	https://www.jointaro.com/interviews/companies/akuna-capital/experiences/software-engineerinternship-united-states-september-20-2023-no-offer-neutral-203ad403
12c52bb6c54573d9	https://www.jointaro.com/interviews/companies/akuna-capital/experiences/software-engineerinternship-united-states-september-21-2018-no-offer-neutral-11ef3e9e
4862e29e461bc91f	https://www.jointaro.com/interviews/companies/akuna-capital/experiences/software-engineerinternship-united-states-september-28-2020-no-offer-neutral-74a0789d
c653fdbc2351e619	https://www.jointaro.com/interviews/companies/akuna-capital/experiences/software-engineerinternship-united-states-september-3-2019-no-offer-positive-2fa5f386
c66da5b318edc5ab	https://www.jointaro.com/interviews/companies/akuna-capital/experiences/software-engineer-intern-united-states-august-25-2021-no-offer-positive-4f76616e
e5106ab4f03ea51a	https://www.jointaro.com/interviews/companies/akuna-capital/experiences/software-engineer-intern-united-states-october-14-2024-no-offer-positive-18950c76
ca1fd9de2239ff3b	https://www.jointaro.com/interviews/companies/akuna-capital/experiences/software-internship-sydney-june-1-2023-no-offer-positive-0339a27b
37181e82f33e483e	https://www.jointaro.com/interviews/companies/akuna-capital/experiences/swe-intern-chicago-il-august-1-2023-no-offer-negative-22e01129
3cc7c28ffe54212c	https://www.jointaro.com/interviews/companies/akuna-capital/experiences/swe-intern-princeton-nj-october-1-2023-no-offer-positive-c1778507
0ce751b7eeeeae7a	https://www.jointaro.com/interviews/companies/akuna-capital/experiences/swe-intern-united-states-february-27-2023-no-offer-negative-2e32b539
f8114517e05a1413	https://www.jointaro.com/interviews/companies/akuna-capital/experiences/swe-intern-united-states-november-15-2023-no-offer-positive-f813df89
901969d911c60079	https://www.jointaro.com/interviews/companies/akuna-capital/experiences/swe-intern-united-states-october-1-2021-no-offer-positive-f70b68f7
c0df0f3e49b1596e	https://www.jointaro.com/interviews/companies/akuna-capital/experiences/swe-intern-united-states-october-22-2024-no-offer-neutral-d1370146
6cfbb9f9628e9450	https://www.jointaro.com/interviews/companies/akuna-capital/experiences/swe-intern-united-states-september-18-2021-no-offer-neutral-d5c488f9
632b05429982eda8	https://www.jointaro.com/interviews/companies/akuna-capital/experiences/swe-intern-united-states-september-29-2024-no-offer-neutral-599c5fbf
b4aa82f9cb7c8e31	https://www.jointaro.com/interviews/companies/de-shaw/experiences/quantitative-analystsoftware-developer-intern-new-york-ny-november-1-2013-accepted-offer-positive-763017cd
d14748a0e11a55bd	https://www.jointaro.com/interviews/companies/de-shaw/experiences/sde-intern-bangalore-rural-june-1-2025-accepted-offer-positive-066b500b
50da611962103b4d	https://www.jointaro.com/interviews/companies/de-shaw/experiences/software-engineer-and-quant-hybrid-united-states-november-10-2021-no-offer-positive-067f6be0
c31467f5d23106bf	https://www.jointaro.com/interviews/companies/de-shaw/experiences/software-engineering-and-quantitative-research-new-york-ny-november-1-2013-no-offer-positive-af766cdc
ee92844e1aa6d6ae	https://www.jointaro.com/interviews/companies/de-shaw/experiences/software-engineering-intern-new-york-ny-august-1-2023-no-offer-positive-382b189e
a3f7eda8f4e831be	https://www.jointaro.com/interviews/companies/de-shaw/experiences/software-engineering-internship-united-states-september-12-2022-no-offer-negative-4423eb3a
11ed75d446dbb6a4	https://www.jointaro.com/interviews/companies/de-shaw/experiences/software-engineerinternship-coimbatore-south-january-1-2020-no-offer-positive-e464795b
e2ef16cb2db3a9e4	https://www.jointaro.com/interviews/companies/de-shaw/experiences/software-engineerinternship-hyderabad-july-1-2025-no-offer-positive-176d46d3
34a3b2cb0e575afe	https://www.jointaro.com/interviews/companies/de-shaw/experiences/software-engineerinternship-mumbai-august-1-2023-no-offer-positive-41d29adc
681b347f973714f6	https://www.jointaro.com/interviews/companies/de-shaw/experiences/software-engineerinternship-new-york-ny-october-17-2020-no-offer-positive-5f41aca8
36d59d983ed16bf5	https://www.jointaro.com/interviews/companies/de-shaw/experiences/software-engineerinternship-new-york-ny-september-1-2017-no-offer-positive-82ecc6f8
a03800b22a6fa2c3	https://www.jointaro.com/interviews/companies/de-shaw/experiences/software-engineerinternship-united-states-august-17-2021-no-offer-negative-49140940
b0fee2b3cbaaa421	https://www.jointaro.com/interviews/companies/de-shaw/experiences/software-engineerinternship-united-states-august-21-2024-no-offer-positive-d0735972
3b7951762d3c02da	https://www.jointaro.com/interviews/companies/de-shaw/experiences/software-engineerinternship-united-states-january-14-2023-accepted-offer-positive-09b79952
074ae9e1944140d7	https://www.jointaro.com/interviews/companies/de-shaw/experiences/software-engineerinternship-united-states-june-1-2024-no-offer-positive-c4a0d017
b0355c770ea3f89f	https://www.jointaro.com/interviews/companies/de-shaw/experiences/software-engineerinternship-united-states-october-15-2022-no-offer-negative-5f3cb676
c06c59831f2bd063	https://www.jointaro.com/interviews/companies/de-shaw/experiences/software-engineerinternship-united-states-september-1-2017-no-offer-neutral-27ce4b39
cfe93b9db6446b23	https://www.jointaro.com/interviews/companies/de-shaw/experiences/software-engineer-intern-united-states-july-9-2024-no-offer-negative-1aea991b
19aa55c70f535ffd	https://www.jointaro.com/interviews/companies/de-shaw/experiences/software-internship-new-york-ny-february-1-2024-no-offer-positive-aa6ea4c9
2d9bafd6b2e107b8	https://www.jointaro.com/interviews/companies/de-shaw/experiences/software-intern-united-states-march-4-2013-no-offer-neutral-7bfae7c5
f67409f099b43e9a	https://www.jointaro.com/interviews/companies/drw/experiences/devops-intern-canada-january-1-2023-no-offer-neutral-81b41a8f
91cab04649780eef	https://www.jointaro.com/interviews/companies/drw/experiences/devops-intern-canada-january-1-2023-no-offer-neutral-b27d6b21
d8bd116ecdb89f71	https://www.jointaro.com/interviews/companies/drw/experiences/intern-software-developer-canada-february-1-2023-accepted-offer-positive-35afa5af
c81a58cccee581da	https://www.jointaro.com/interviews/companies/drw/experiences/junior-ai-researcher-india-october-1-2024-no-offer-negative-efc70c78
4e81ad35a457d537	https://www.jointaro.com/interviews/companies/drw/experiences/mlai-intern-montreal-quebec-january-20-2025-no-offer-positive-695f9af6
ad8a1b25f34f397c	https://www.jointaro.com/interviews/companies/drw/experiences/site-reliability-engineer-intern-new-york-new-york-august-1-2023-no-offer-neutral-6862bd01
38e5ae225c9a2720	https://www.jointaro.com/interviews/companies/drw/experiences/software-developer-intern-canada-march-1-2020-accepted-offer-positive-9f72d63b
be6b7fb630b7297a	https://www.jointaro.com/interviews/companies/drw/experiences/software-developer-intern-chicago-illinois-august-1-2023-no-offer-neutral-0e94a5e3
1964ffe0c0b1ff28	https://www.jointaro.com/interviews/companies/drw/experiences/software-developer-intern-india-october-12-2020-no-offer-neutral-75d1a7be
db5dd3b25eed61ca	https://www.jointaro.com/interviews/companies/drw/experiences/software-developer-intern-london-england-september-1-2024-no-offer-neutral-ae98f9cf
6d0cbc808228dd55	https://www.jointaro.com/interviews/companies/drw/experiences/software-developer-internship-united-states-october-26-2020-no-offer-positive-c5788f0d
410700b52eb437a1	https://www.jointaro.com/interviews/companies/drw/experiences/software-developer-intern-united-states-august-1-2022-no-offer-positive-f1027cd9
758c33e296154dfd	https://www.jointaro.com/interviews/companies/drw/experiences/software-engineering-intern-chicago-illinois-february-1-2011-no-offer-neutral-d0e71915
19ad765444dfe34e	https://www.jointaro.com/interviews/companies/drw/experiences/software-engineering-intern-chicago-illinois-november-1-2022-accepted-offer-positive-6f6ceb88
95e4ea4ccb263b75	https://www.jointaro.com/interviews/companies/drw/experiences/software-engineering-intern-london-england-may-18-2025-accepted-offer-positive-94161851
865cc5844371570a	https://www.jointaro.com/interviews/companies/drw/experiences/software-engineering-internship-london-england-november-1-2022-no-offer-neutral-d5c0142e
7bbb7c7cb0b6a648	https://www.jointaro.com/interviews/companies/drw/experiences/software-engineer-intern-chicago-illinois-november-1-2024-no-offer-positive-71a9b530
0d865e568c24faf6	https://www.jointaro.com/interviews/companies/drw/experiences/software-engineer-intern-chicago-illinois-october-22-2025-no-offer-positive-b53f3d7d
c540d5c8775235fb	https://www.jointaro.com/interviews/companies/drw/experiences/software-engineer-intern-germany-january-1-2023-no-offer-positive-ab1c0e1a
2e0851040d91b870	https://www.jointaro.com/interviews/companies/drw/experiences/software-engineer-intern-london-england-september-1-2023-no-offer-neutral-7a2332eb
d4cd225770da1b8c	https://www.jointaro.com/interviews/companies/drw/experiences/software-engineer-internship-amsterdam-netherlands-october-26-2022-no-offer-negative-3be3f64e
ca2bbf12c1778f9a	https://www.jointaro.com/interviews/companies/drw/experiences/software-engineer-internship-chicago-illinois-august-4-2024-no-offer-positive-72a3577b
bda32c0c90ff6cf7	https://www.jointaro.com/interviews/companies/drw/experiences/software-engineer-internship-chicago-illinois-may-1-2022-no-offer-negative-c427ea5f
bdada630fa3a080d	https://www.jointaro.com/interviews/companies/drw/experiences/software-engineer-internship-india-september-14-2020-no-offer-neutral-aaf6e8a7
4b2f90c8b8bbcd42	https://www.jointaro.com/interviews/companies/drw/experiences/software-engineer-internship-london-england-november-27-2024-no-offer-neutral-14e9761e
d005ca4701f9f92d	https://www.jointaro.com/interviews/companies/drw/experiences/software-engineer-internship-london-england-october-1-2024-no-offer-positive-baa622f5
85a72e772fdc8f2a	https://www.jointaro.com/interviews/companies/drw/experiences/software-engineer-internship-london-england-october-1-2024-no-offer-positive-c520fb87
c3a7e4c1d403f85f	https://www.jointaro.com/interviews/companies/drw/experiences/software-engineer-internship-montreal-quebec-february-1-2019-no-offer-neutral-f4d8fcc6
58a4742d840142cc	https://www.jointaro.com/interviews/companies/drw/experiences/software-engineer-internship-montreal-quebec-february-13-2024-no-offer-neutral-ee38b6f5
2cbfb43f9400b978	https://www.jointaro.com/interviews/companies/drw/experiences/software-engineer-internship-united-kingdom-november-26-2022-declined-offer-neutral-1303d8ef
30af8859c0b1fa91	https://www.jointaro.com/interviews/companies/drw/experiences/software-engineer-internship-united-states-august-1-2019-no-offer-neutral-6857d7f7
3a12b3c400d5d90f	https://www.jointaro.com/interviews/companies/drw/experiences/software-engineer-internship-united-states-august-1-2022-no-offer-positive-b7407428
74f6d060e1e1678a	https://www.jointaro.com/interviews/companies/drw/experiences/software-engineer-internship-united-states-february-28-2019-no-offer-negative-a0968ac7
fe1fd071ac637e4e	https://www.jointaro.com/interviews/companies/drw/experiences/software-engineer-internship-united-states-january-1-2020-no-offer-neutral-956351d6
e80ed7d04ea0d616	https://www.jointaro.com/interviews/companies/drw/experiences/software-engineer-internship-united-states-october-17-2022-no-offer-neutral-6dd62c57
25280ac253a46f15	https://www.jointaro.com/interviews/companies/drw/experiences/software-engineer-internship-united-states-october-7-2018-no-offer-neutral-1ae58c58
d8b9bf6191cf0643	https://www.jointaro.com/interviews/companies/drw/experiences/software-engineer-internship-united-states-september-1-2021-no-offer-neutral-8dc1518c
cea49e526c6f3c75	https://www.jointaro.com/interviews/companies/drw/experiences/software-engineer-internship-united-states-september-21-2019-no-offer-positive-5fb99fe1
b99d2795a3d9ca3c	https://www.jointaro.com/interviews/companies/drw/experiences/software-engineer-intern-united-states-august-1-2023-no-offer-positive-c64e243f
0bd3adf4e6dd3895	https://www.jointaro.com/interviews/companies/drw/experiences/software-engineer-intern-united-states-september-30-2020-no-offer-neutral-3070a907
d8880c590f1a308a	https://www.jointaro.com/interviews/companies/drw/experiences/swe-intern-canada-february-8-2025-no-offer-negative-f5caf6c0
a7ec807ea4972a15	https://www.jointaro.com/interviews/companies/drw/experiences/swe-intern-chicago-illinois-june-1-2023-no-offer-positive-35b08774
25fe94f097e9b42c	https://www.jointaro.com/interviews/companies/drw/experiences/swe-intern-new-york-new-york-march-1-2020-no-offer-positive-b3d4b804
67924b6cca413b92	https://www.jointaro.com/interviews/companies/drw/experiences/swe-intern-united-kingdom-november-14-2022-no-offer-negative-fb3bac29
2f7d1843c166a9ff	https://www.jointaro.com/interviews/companies/hudson-river-trading/experiences/c-software-engineer-intern-new-york-ny-september-1-2025-no-offer-positive-7430a883
eeebc78925590d73	https://www.jointaro.com/interviews/companies/hudson-river-trading/experiences/hardware-engineering-internship-new-york-ny-december-1-2021-no-offer-negative-49e97ec2
78c7ac77264f4762	https://www.jointaro.com/interviews/companies/hudson-river-trading/experiences/hardware-engineer-internship-new-york-ny-january-4-2024-declined-offer-positive-177d38ab
ef111daf7f24e4ef	https://www.jointaro.com/interviews/companies/hudson-river-trading/experiences/hardware-engineer-intern-united-states-november-21-2021-no-offer-neutral-4624d8cb
dc29edd9da4fc43d	https://www.jointaro.com/interviews/companies/hudson-river-trading/experiences/software-developer-intern-singapore-december-1-2022-no-offer-neutral-d846aa3a
cd1389fbac031f39	https://www.jointaro.com/interviews/companies/hudson-river-trading/experiences/software-development-engineer-sde-intern-singapore-april-27-2025-no-offer-neutral-d20f051f
d2b33f6e5e96988a	https://www.jointaro.com/interviews/companies/hudson-river-trading/experiences/software-engineering-intern-chicago-il-january-1-2022-no-offer-positive-14501e74
428e2c7575ae6cc4	https://www.jointaro.com/interviews/companies/hudson-river-trading/experiences/software-engineering-intern-london-england-october-1-2020-no-offer-positive-b67d20b5
50c170ca2f67a935	https://www.jointaro.com/interviews/companies/hudson-river-trading/experiences/software-engineering-intern-new-york-ny-november-26-2023-no-offer-positive-5eeb730a
5fc393cd4e18579c	https://www.jointaro.com/interviews/companies/hudson-river-trading/experiences/software-engineering-intern-new-york-ny-september-26-2024-no-offer-neutral-8cd5c8d8
26ae0ced15c002a2	https://www.jointaro.com/interviews/companies/hudson-river-trading/experiences/software-engineering-intern-romania-october-1-2022-no-offer-neutral-bf0c65a3
1f2dd0ec594a4ab0	https://www.jointaro.com/interviews/companies/hudson-river-trading/experiences/software-engineering-internship-singapore-april-23-2023-no-offer-positive-3a3b8db3
fd90f7f07b75b87b	https://www.jointaro.com/interviews/companies/hudson-river-trading/experiences/software-engineering-internship-united-states-february-8-2022-no-offer-neutral-f39441a1
2df576ac21dd98b7	https://www.jointaro.com/interviews/companies/hudson-river-trading/experiences/software-engineering-internship-united-states-november-1-2024-no-offer-neutral-bd28d243
174a8fd34e6e93d8	https://www.jointaro.com/interviews/companies/hudson-river-trading/experiences/software-engineering-intern-united-states-december-3-2020-no-offer-positive-4795704d
767f17135566df31	https://www.jointaro.com/interviews/companies/hudson-river-trading/experiences/software-engineering-summer-internship-united-states-december-19-2022-no-offer-positive-3934c534
0ba7f1c6b9845125	https://www.jointaro.com/interviews/companies/hudson-river-trading/experiences/software-engineer-intern-egypt-september-12-2020-no-offer-positive-3fe3ea84
b5324cca7a1afc8f	https://www.jointaro.com/interviews/companies/hudson-river-trading/experiences/software-engineer-intern-october-22-2025-no-offer-neutral-f995d3d8
f081d55bddbff3d0	https://www.jointaro.com/interviews/companies/hudson-river-trading/experiences/software-engineerinternship-canada-september-1-2025-no-offer-positive-7035af2a
d423cf54debb85eb	https://www.jointaro.com/interviews/companies/hudson-river-trading/experiences/software-engineerinternship-montreal-qc-january-1-2023-no-offer-neutral-77af67ac
282627e9734e8ba4	https://www.jointaro.com/interviews/companies/hudson-river-trading/experiences/software-engineerinternship-new-york-ny-may-1-2021-no-offer-positive-9703b990
155e68277d036864	https://www.jointaro.com/interviews/companies/hudson-river-trading/experiences/software-engineerinternship-new-york-ny-november-1-2021-no-offer-neutral-27fd4b69
966323931e7f4b11	https://www.jointaro.com/interviews/companies/hudson-river-trading/experiences/software-engineerinternship-new-york-ny-november-1-2022-no-offer-positive-f70412b5
25aea818455fb6a2	https://www.jointaro.com/interviews/companies/hudson-river-trading/experiences/software-engineerinternship-new-york-ny-october-1-2021-no-offer-negative-8517dce4
17458435d71a493f	https://www.jointaro.com/interviews/companies/hudson-river-trading/experiences/software-engineerinternship-new-york-ny-october-1-2022-no-offer-positive-cbe7fc1b
71d2e18e4093b4d5	https://www.jointaro.com/interviews/companies/hudson-river-trading/experiences/software-engineer-internship-new-york-ny-october-1-2023-no-offer-positive-14c6dc5d
4697917ca7195e75	https://www.jointaro.com/interviews/companies/hudson-river-trading/experiences/software-engineerinternship-september-1-2025-no-offer-neutral-88a68274
1afb2fb8a4ea42f7	https://www.jointaro.com/interviews/companies/hudson-river-trading/experiences/software-engineer-internship-singapore-april-1-2021-no-offer-neutral-fca046e9
4e9b02ee6fd6094e	https://www.jointaro.com/interviews/companies/hudson-river-trading/experiences/software-engineerinternship-singapore-january-1-2023-no-offer-positive-824dc3fd
a4d905013292f540	https://www.jointaro.com/interviews/companies/hudson-river-trading/experiences/software-engineerinternship-singapore-march-4-2023-no-offer-positive-97d595d9
d926623a9fa4f4b6	https://www.jointaro.com/interviews/companies/hudson-river-trading/experiences/software-engineerinternship-singapore-november-29-2024-no-offer-negative-f71a48c9
351d1b3176344523	https://www.jointaro.com/interviews/companies/hudson-river-trading/experiences/software-engineerinternship-singapore-october-1-2024-no-offer-positive-0eae3fd8
2589e4131a594a71	https://www.jointaro.com/interviews/companies/hudson-river-trading/experiences/software-engineerinternship-singapore-september-1-2022-no-offer-positive-92113878
6dba257639c9caa0	https://www.jointaro.com/interviews/companies/hudson-river-trading/experiences/software-engineerinternship-south-korea-january-23-2025-no-offer-negative-2407150c
001d19a55991e70b	https://www.jointaro.com/interviews/companies/hudson-river-trading/experiences/software-engineerinternship-united-kingdom-june-20-2023-no-offer-positive-b0fe7c1c
eedeba3da65d1c8a	https://www.jointaro.com/interviews/companies/hudson-river-trading/experiences/software-engineerinternship-united-states-august-15-2020-no-offer-neutral-b28947a9
52913fc1399ae6a0	https://www.jointaro.com/interviews/companies/hudson-river-trading/experiences/software-engineerinternship-united-states-august-25-2020-no-offer-neutral-16eac459
7f73234d093b1001	https://www.jointaro.com/interviews/companies/hudson-river-trading/experiences/software-engineerinternship-united-states-january-2-2024-no-offer-neutral-fe5b5cf1
5a3f63fb81a8951b	https://www.jointaro.com/interviews/companies/hudson-river-trading/experiences/software-engineerinternship-united-states-july-20-2020-no-offer-neutral-80ab5a59
599268e9f08abd59	https://www.jointaro.com/interviews/companies/hudson-river-trading/experiences/software-engineerinternship-united-states-march-1-2022-no-offer-neutral-ee347b84
2b20b768293531d5	https://www.jointaro.com/interviews/companies/hudson-river-trading/experiences/software-engineerinternship-united-states-march-3-2020-no-offer-positive-86efc460
53e76919d2a38234	https://www.jointaro.com/interviews/companies/hudson-river-trading/experiences/software-engineerinternship-united-states-november-1-2022-no-offer-positive-4c20631b
c9883d91dc8b1e6f	https://www.jointaro.com/interviews/companies/hudson-river-trading/experiences/software-engineerinternship-united-states-november-14-2023-no-offer-neutral-1a11a064
4ae51732137ed4df	https://www.jointaro.com/interviews/companies/hudson-river-trading/experiences/software-engineerinternship-united-states-november-23-2021-no-offer-neutral-e7b06a18
ba2ecb6aa17acbc2	https://www.jointaro.com/interviews/companies/hudson-river-trading/experiences/software-engineerinternship-united-states-october-11-2021-no-offer-positive-356dbb20
c7ae0b4366df46f7	https://www.jointaro.com/interviews/companies/hudson-river-trading/experiences/software-engineerinternship-united-states-october-11-2022-no-offer-negative-68c95b77
7daa527346e9bd42	https://www.jointaro.com/interviews/companies/hudson-river-trading/experiences/software-engineerinternship-united-states-october-13-2025-accepted-offer-positive-ab3e79e2
52ac6f6cd6a19aff	https://www.jointaro.com/interviews/companies/hudson-river-trading/experiences/software-engineerinternship-united-states-september-18-2021-no-offer-positive-f8711f6e
941437067bea3503	https://www.jointaro.com/interviews/companies/hudson-river-trading/experiences/software-engineerinternship-united-states-september-23-2021-no-offer-negative-36ebf453
21d0bf3d1221458b	https://www.jointaro.com/interviews/companies/hudson-river-trading/experiences/software-engineer-intern-singapore-august-1-2024-accepted-offer-positive-90a63c2a
b818df7b47e0742d	https://www.jointaro.com/interviews/companies/hudson-river-trading/experiences/software-engineer-intern-singapore-january-1-2024-no-offer-positive-94ecf38f
e5d0018c6a27a559	https://www.jointaro.com/interviews/companies/hudson-river-trading/experiences/software-engineer-intern-singapore-october-20-2024-no-offer-neutral-aba850c1
4e0cf46daa3197c6	https://www.jointaro.com/interviews/companies/hudson-river-trading/experiences/software-engineer-intern-united-la-october-20-2024-no-offer-positive-724e7c90
cb71901c88b694bf	https://www.jointaro.com/interviews/companies/hudson-river-trading/experiences/software-engineer-intern-united-states-december-28-2022-no-offer-neutral-a3a68e56
7424e113dbc8684f	https://www.jointaro.com/interviews/companies/hudson-river-trading/experiences/software-engineer-intern-united-states-march-10-2023-no-offer-positive-91cbcd0d
19dc759121c4698d	https://www.jointaro.com/interviews/companies/hudson-river-trading/experiences/software-engineer-intern-united-states-october-1-2020-no-offer-neutral-bf7b5f5d
3df2db831a222f5e	https://www.jointaro.com/interviews/companies/hudson-river-trading/experiences/software-engineer-intern-united-states-october-1-2021-no-offer-positive-7397431e
0e37ae92ab1e8311	https://www.jointaro.com/interviews/companies/hudson-river-trading/experiences/softwaresystems-engineer-intern-new-york-ny-march-1-2021-no-offer-neutral-07e1f7ac
37e2d20273ef13e4	https://www.jointaro.com/interviews/companies/hudson-river-trading/experiences/summer-software-engineering-internship-singapore-february-25-2024-no-offer-positive-2da1b68f
74d4c95eee3a7fa0	https://www.jointaro.com/interviews/companies/hudson-river-trading/experiences/summer-software-engineering-internship-united-states-december-26-2022-no-offer-neutral-397b05da
083c7bb01a273d07	https://www.jointaro.com/interviews/companies/hudson-river-trading/experiences/swe-intern-france-january-15-2025-no-offer-neutral-2e8ae778
dac30f140ff1f84b	https://www.jointaro.com/interviews/companies/hudson-river-trading/experiences/swe-intern-united-arab-emirates-may-5-2021-no-offer-positive-b69698f1
6296e893ddb56f26	https://www.jointaro.com/interviews/companies/hudson-river-trading/experiences/swe-intern-united-kingdom-february-24-2023-no-offer-negative-7d64c5eb
f61f31394e3e8c34	https://www.jointaro.com/interviews/companies/hudson-river-trading/experiences/swe-intern-united-kingdom-september-30-2022-no-offer-positive-bace84f2
2329138c866a6f8a	https://www.jointaro.com/interviews/companies/hudson-river-trading/experiences/swe-intern-united-states-march-11-2025-no-offer-neutral-947da4ed
28a18f0fbccf8b13	https://www.jointaro.com/interviews/companies/hudson-river-trading/experiences/swe-intern-united-states-november-8-2021-no-offer-neutral-c9f03ef9
0582c583470f8027	https://www.jointaro.com/interviews/companies/hudson-river-trading/experiences/swe-intern-united-states-september-1-2021-no-offer-positive-7873da70
588d180214b0ad72	https://www.jointaro.com/interviews/companies/hudson-river-trading/experiences/swe-intern-united-states-september-18-2025-no-offer-positive-d4d9712b
896a70b4bdd8be5e	https://www.jointaro.com/interviews/companies/jump-trading/experiences/c-developer-intern-china-march-6-2023-no-offer-neutral-efe36ae5
ac469ab65d14da55	https://www.jointaro.com/interviews/companies/jump-trading/experiences/fpga-intern-bristol-england-september-5-2024-no-offer-negative-ab052b64
94770619cf753113	https://www.jointaro.com/interviews/companies/jump-trading/experiences/qa-intern-united-states-january-1-2014-no-offer-positive-9c47486c
fdf9e3997515df7a	https://www.jointaro.com/interviews/companies/jump-trading/experiences/quality-assurance-internship-united-states-february-5-2013-no-offer-neutral-9993ed17
3e97d22635e4dd4f	https://www.jointaro.com/interviews/companies/jump-trading/experiences/quantitative-software-engineer-new-york-new-york-november-9-2016-no-offer-negative-d0b7db19
ccacc049b6f0161b	https://www.jointaro.com/interviews/companies/jump-trading/experiences/sde-intern-united-states-september-1-2022-no-offer-neutral-69a8f867
75486376222f2e3c	https://www.jointaro.com/interviews/companies/jump-trading/experiences/software-developer-intern-chicago-illinois-march-1-2012-no-offer-neutral-f34a7844
686bcaaa11ab5ce1	https://www.jointaro.com/interviews/companies/jump-trading/experiences/software-development-internship-united-states-october-3-2013-no-offer-neutral-f2c75de8
e22d9de83f7fa2b0	https://www.jointaro.com/interviews/companies/jump-trading/experiences/software-engineering-intern-chicago-illinois-october-1-2019-accepted-offer-positive-5f772e41
f3239df98e447508	https://www.jointaro.com/interviews/companies/jump-trading/experiences/software-engineering-intern-united-states-february-24-2022-accepted-offer-positive-2811181b
ae64707a1094d81d	https://www.jointaro.com/interviews/companies/jump-trading/experiences/software-engineering-intern-united-states-november-23-2023-no-offer-positive-fa93b5d6
edb9d6faddaad9f4	https://www.jointaro.com/interviews/companies/jump-trading/experiences/software-engineering-intern-united-states-september-17-2021-no-offer-positive-74804029
a23e0cba05d9150d	https://www.jointaro.com/interviews/companies/jump-trading/experiences/software-engineer-intern-london-england-december-1-2019-no-offer-positive-55840077
b2d47c0e40573434	https://www.jointaro.com/interviews/companies/jump-trading/experiences/software-engineer-intern-london-england-november-15-2025-no-offer-positive-070c32c9
b3174ebbda441b6d	https://www.jointaro.com/interviews/companies/jump-trading/experiences/software-engineer-internship-chicago-illinois-february-1-2012-no-offer-neutral-2e39e052
1187d89c142b0921	https://www.jointaro.com/interviews/companies/jump-trading/experiences/software-engineer-internship-chicago-illinois-february-1-2018-no-offer-negative-20d5b9ed
4710f9df3dfaa07f	https://www.jointaro.com/interviews/companies/jump-trading/experiences/software-engineer-internship-chicago-illinois-november-14-2023-no-offer-positive-fe777791
6a72a3267f7fb442	https://www.jointaro.com/interviews/companies/jump-trading/experiences/software-engineer-internship-london-england-december-1-2019-accepted-offer-positive-3c5a3f2c
108c3e61fa5405b6	https://www.jointaro.com/interviews/companies/jump-trading/experiences/software-engineer-internship-london-england-november-19-2024-no-offer-negative-502d2eed
b81b25e33eed785f	https://www.jointaro.com/interviews/companies/jump-trading/experiences/software-engineer-internship-pitts-pennsylvania-september-1-2019-no-offer-positive-628928d5
7e85ce7ad91344fe	https://www.jointaro.com/interviews/companies/jump-trading/experiences/software-engineer-internship-poland-february-22-2024-no-offer-neutral-bca9d2e2
c043f9447e5476ed	https://www.jointaro.com/interviews/companies/jump-trading/experiences/software-engineer-internship-poland-october-1-2019-no-offer-positive-a0e2e683
786079d021a6c774	https://www.jointaro.com/interviews/companies/jump-trading/experiences/software-engineer-internship-russia-september-1-2018-accepted-offer-positive-4cbe4667
b10b680dfaabf90f	https://www.jointaro.com/interviews/companies/jump-trading/experiences/software-engineer-internship-shanghai-shanghai-march-1-2020-accepted-offer-positive-20cd05ac
b6aa0122441b0ddb	https://www.jointaro.com/interviews/companies/jump-trading/experiences/software-engineer-internship-united-kingdom-september-29-2025-no-offer-neutral-8a8eb483
1fee42446fd09758	https://www.jointaro.com/interviews/companies/jump-trading/experiences/software-engineer-internship-united-states-april-1-2023-no-offer-positive-24e46ffb
21777be1af5a8535	https://www.jointaro.com/interviews/companies/jump-trading/experiences/software-engineer-internship-united-states-december-1-2019-no-offer-neutral-36c3102f
c18f3f1e8be8a845	https://www.jointaro.com/interviews/companies/jump-trading/experiences/software-engineer-internship-united-states-november-7-2017-no-offer-negative-3d3ebb0c
497f552066b2d293	https://www.jointaro.com/interviews/companies/jump-trading/experiences/software-engineer-intern-united-states-june-29-2020-no-offer-positive-3c7cf4f1
5aee059ff9367ab4	https://www.jointaro.com/interviews/companies/jump-trading/experiences/swe-intern-london-england-october-1-2023-no-offer-positive-3b5991b0
a572510460866e78	https://www.jointaro.com/interviews/companies/jump-trading/experiences/swe-intern-london-england-september-1-2022-no-offer-positive-a2c74cbc
678269f6c5245e40	https://www.jointaro.com/interviews/companies/jump-trading/experiences/swe-intern-shanghai-shanghai-february-1-2024-no-offer-positive-d7371742
c5a670e48f4bfd99	https://www.jointaro.com/interviews/companies/two-sigma/experiences/ai-researcher-united-states-february-28-2024-no-offer-neutral-e94b068f
f7c533a917d92853	https://www.jointaro.com/interviews/companies/two-sigma/experiences/quantitative-software-engineer-new-york-ny-may-17-2025-no-offer-positive-9f992620
ed6fb1ca640dc9c9	https://www.jointaro.com/interviews/companies/two-sigma/experiences/quantitative-software-engineer-new-york-ny-october-1-2016-no-offer-negative-d5075df2
cdd850ff7d459192	https://www.jointaro.com/interviews/companies/two-sigma/experiences/quantitative-software-engineer-united-states-february-18-2021-no-offer-neutral-e4cb93d0
f9a68656df0e1623	https://www.jointaro.com/interviews/companies/two-sigma/experiences/quantitative-software-engineer-united-states-june-1-2016-no-offer-positive-60fe2344
29ffe26f6f52ebbf	https://www.jointaro.com/interviews/companies/two-sigma/experiences/software-developer-intern-united-states-march-3-2014-no-offer-neutral-4c6abeb4
1cb26b7974d1d870	https://www.jointaro.com/interviews/companies/two-sigma/experiences/software-engineering-intern-freshman-united-states-may-16-2024-no-offer-neutral-d3de0cfe
3420d2b5a42ac21d	https://www.jointaro.com/interviews/companies/two-sigma/experiences/software-engineering-intern-new-york-ny-february-1-2014-no-offer-neutral-4d6e0f8e
10e19743c4048969	https://www.jointaro.com/interviews/companies/two-sigma/experiences/software-engineering-internship-new-york-ny-january-25-2024-no-offer-negative-28a8bf10
8da03aa2da335d82	https://www.jointaro.com/interviews/companies/two-sigma/experiences/software-engineering-internship-united-arab-emirates-january-5-2021-no-offer-neutral-49feb929
cde2dd1bd624d916	https://www.jointaro.com/interviews/companies/two-sigma/experiences/software-engineering-internship-united-states-february-1-2024-no-offer-positive-8ba45bbe
aa136471970cde88	https://www.jointaro.com/interviews/companies/two-sigma/experiences/software-engineering-intern-united-states-february-24-2024-no-offer-neutral-65ae9f16
fa6ca7b645c141f3	https://www.jointaro.com/interviews/companies/two-sigma/experiences/software-engineering-intern-united-states-january-1-2025-no-offer-positive-3b87493b
366a1f3187ea7637	https://www.jointaro.com/interviews/companies/two-sigma/experiences/software-engineering-intern-united-states-january-24-2024-no-offer-neutral-07eeb055
f384b9d07e186373	https://www.jointaro.com/interviews/companies/two-sigma/experiences/software-engineering-intern-united-states-march-1-2023-no-offer-neutral-3b3cd3e0
ec0db54bd9e89c1c	https://www.jointaro.com/interviews/companies/two-sigma/experiences/software-engineering-intern-united-states-september-25-2020-no-offer-positive-b3ec1dae
9b5dc61dfa060115	https://www.jointaro.com/interviews/companies/two-sigma/experiences/software-engineer-intern-houston-tx-november-15-2024-no-offer-positive-dbd56003
29029cefe0a9d1de	https://www.jointaro.com/interviews/companies/two-sigma/experiences/software-engineer-intern-new-york-new-york-january-1-2025-no-offer-positive-8e26b5be
f110d543cbc60450	https://www.jointaro.com/interviews/companies/two-sigma/experiences/software-engineer-intern-new-york-ny-january-1-2020-no-offer-positive-bd701fb2
da0aad4c3181085c	https://www.jointaro.com/interviews/companies/two-sigma/experiences/software-engineer-intern-new-york-ny-may-28-2024-no-offer-neutral-d72d3b45
0030a157370b1628	https://www.jointaro.com/interviews/companies/two-sigma/experiences/software-engineer-intern-new-york-ny-november-6-2023-no-offer-neutral-e07714da
5e8344539bd4abf3	https://www.jointaro.com/interviews/companies/two-sigma/experiences/software-engineerinternship-argentina-december-1-2023-no-offer-negative-0a2a9073
059ebdf413d14b74	https://www.jointaro.com/interviews/companies/two-sigma/experiences/software-engineerinternship-austin-tx-february-1-2024-no-offer-positive-1ab9dbc3
7e8d0d2a42d57645	https://www.jointaro.com/interviews/companies/two-sigma/experiences/software-engineerinternship-baltimore-md-august-1-2021-no-offer-neutral-da94e55a
451de19ddc4ad5d0	https://www.jointaro.com/interviews/companies/two-sigma/experiences/software-engineerinternship-columbus-oh-january-1-2019-declined-offer-neutral-d500f821
16fbf03dc03a7e70	https://www.jointaro.com/interviews/companies/two-sigma/experiences/software-engineerinternship-houston-tx-february-1-2017-no-offer-positive-e58269bb
8fb22b419e0bce79	https://www.jointaro.com/interviews/companies/two-sigma/experiences/software-engineerinternship-india-august-13-2022-no-offer-neutral-8d303368
1d346767c94b2ffe	https://www.jointaro.com/interviews/companies/two-sigma/experiences/software-engineerinternship-ireland-december-8-2020-no-offer-positive-95aaa057
bbd6845a7de0749c	https://www.jointaro.com/interviews/companies/two-sigma/experiences/software-engineerinternship-new-york-ny-august-1-2017-no-offer-positive-7a1f6169
d55b8c63bee8fbf6	https://www.jointaro.com/interviews/companies/two-sigma/experiences/software-engineerinternship-new-york-ny-december-1-2018-no-offer-positive-7e15916b
50375d2f663b53e0	https://www.jointaro.com/interviews/companies/two-sigma/experiences/software-engineerinternship-new-york-ny-december-1-2019-no-offer-positive-9ca88c51
5dab86c38c761747	https://www.jointaro.com/interviews/companies/two-sigma/experiences/software-engineerinternship-new-york-ny-february-1-2025-no-offer-positive-65988bf2
75051a8c4ff4b05b	https://www.jointaro.com/interviews/companies/two-sigma/experiences/software-engineerinternship-new-york-ny-january-1-2019-no-offer-positive-bfe6e554
0b91ac7dc0407731	https://www.jointaro.com/interviews/companies/two-sigma/experiences/software-engineerinternship-new-york-ny-may-20-2024-declined-offer-positive-55718fd2
57d955b1cb99f38d	https://www.jointaro.com/interviews/companies/two-sigma/experiences/software-engineerinternship-new-york-ny-november-1-2017-no-offer-positive-02d6c506
972afd8ff3308ec8	https://www.jointaro.com/interviews/companies/two-sigma/experiences/software-engineerinternship-new-york-ny-november-1-2019-no-offer-positive-982592e1
065189be61e57cef	https://www.jointaro.com/interviews/companies/two-sigma/experiences/software-engineerinternship-new-york-ny-november-1-2022-no-offer-positive-12521dd6
dc82bcc4c155f622	https://www.jointaro.com/interviews/companies/two-sigma/experiences/software-engineerinternship-new-york-ny-october-1-2018-no-offer-neutral-db5ad6d0
48ca960cc4929070	https://www.jointaro.com/interviews/companies/two-sigma/experiences/software-engineerinternship-new-york-ny-september-1-2017-no-offer-positive-dfbce2b9
3c62b29a54f01652	https://www.jointaro.com/interviews/companies/two-sigma/experiences/software-engineerinternship-new-york-ny-september-1-2019-no-offer-negative-2f251967
9fe64abdd8ad6081	https://www.jointaro.com/interviews/companies/two-sigma/experiences/software-engineerinternship-orlando-fl-october-1-2017-no-offer-positive-d3e23e22
7ba379dd817ff827	https://www.jointaro.com/interviews/companies/two-sigma/experiences/software-engineerinternship-panama-august-11-2025-no-offer-positive-0f5740aa
a83d8954b6da634a	https://www.jointaro.com/interviews/companies/two-sigma/experiences/software-engineerinternship-romania-october-26-2018-no-offer-negative-4231576e
cfdc9e5ea33ba3b5	https://www.jointaro.com/interviews/companies/two-sigma/experiences/software-engineerinternship-san-francisco-ca-february-1-2024-no-offer-neutral-cc1f0261
8f8d1e0d62bf1c2e	https://www.jointaro.com/interviews/companies/two-sigma/experiences/software-engineerinternship-san-jose-ca-october-1-2018-no-offer-positive-52aa52d8
073cea01267d3e40	https://www.jointaro.com/interviews/companies/two-sigma/experiences/software-engineerinternship-turkey-august-14-2023-no-offer-positive-bb70df1c
d8d941cc054e902a	https://www.jointaro.com/interviews/companies/two-sigma/experiences/software-engineerinternship-united-kingdom-march-10-2020-no-offer-positive-fb1924e4
ff543ccf2641b1f7	https://www.jointaro.com/interviews/companies/two-sigma/experiences/software-engineerinternship-united-states-april-9-2019-no-offer-positive-c0085126
aa1b3054b45e932e	https://www.jointaro.com/interviews/companies/two-sigma/experiences/software-engineerinternship-united-states-august-11-2024-no-offer-positive-c9dcb964
48547831c0eafb52	https://www.jointaro.com/interviews/companies/two-sigma/experiences/software-engineerinternship-united-states-august-28-2023-no-offer-positive-597c9515
de053e9a9b0de52e	https://www.jointaro.com/interviews/companies/two-sigma/experiences/software-engineerinternship-united-states-december-1-2024-declined-offer-neutral-e09e0fdd
a08934087dd85042	https://www.jointaro.com/interviews/companies/two-sigma/experiences/software-engineerinternship-united-states-february-1-2024-no-offer-neutral-8ea62a12
fcd88dfe70c23c54	https://www.jointaro.com/interviews/companies/two-sigma/experiences/software-engineerinternship-united-states-february-1-2025-no-offer-neutral-6ba6896b
0624db0164cf3743	https://www.jointaro.com/interviews/companies/two-sigma/experiences/software-engineer-internship-united-states-february-12-2014-no-offer-neutral-0a0adf63
bed31dbcf9eae596	https://www.jointaro.com/interviews/companies/two-sigma/experiences/software-engineer-internship-united-states-february-14-2024-no-offer-positive-fffb8e62
e8b5db614b212702	https://www.jointaro.com/interviews/companies/two-sigma/experiences/software-engineerinternship-united-states-january-14-2019-no-offer-negative-5edb9da2
5833dda114fd96dd	https://www.jointaro.com/interviews/companies/two-sigma/experiences/software-engineerinternship-united-states-june-14-2023-no-offer-positive-2b5a29b0
c8b361557824e468	https://www.jointaro.com/interviews/companies/two-sigma/experiences/software-engineerinternship-united-states-june-5-2019-no-offer-negative-9d46e9ec
4f5a326910c46607	https://www.jointaro.com/interviews/companies/two-sigma/experiences/software-engineer-internship-united-states-march-4-2013-no-offer-neutral-1a2d7a2b
8678028e82994d20	https://www.jointaro.com/interviews/companies/two-sigma/experiences/software-engineerinternship-united-states-november-11-2022-no-offer-positive-a7644ec5
049e6b20ca32bb0b	https://www.jointaro.com/interviews/companies/two-sigma/experiences/software-engineerinternship-united-states-november-1-2017-no-offer-positive-f2e7a410
a451bdc8cf6087eb	https://www.jointaro.com/interviews/companies/two-sigma/experiences/software-engineerinternship-united-states-november-29-2018-no-offer-negative-01115bbf
99edb7ae686a4ef9	https://www.jointaro.com/interviews/companies/two-sigma/experiences/software-engineerinternship-united-states-november-7-2017-no-offer-positive-4b248720
06f61d08d314917d	https://www.jointaro.com/interviews/companies/two-sigma/experiences/software-engineerinternship-united-states-october-1-2018-no-offer-neutral-80259224
ae53acf4485dccbf	https://www.jointaro.com/interviews/companies/two-sigma/experiences/software-engineerinternship-united-states-october-12-2023-no-offer-neutral-05f9a2b7
13440a26e8a5ca51	https://www.jointaro.com/interviews/companies/two-sigma/experiences/software-engineerinternship-united-states-october-9-2022-accepted-offer-positive-86983a90
07fddcbee8b39310	https://www.jointaro.com/interviews/companies/two-sigma/experiences/software-engineer-internship-united-states-september-1-2021-no-offer-negative-6bd12f27
e2ca50fbce57497b	https://www.jointaro.com/interviews/companies/two-sigma/experiences/software-engineerinternship-united-states-september-1-2021-no-offer-negative-c50b78d5
2d6042cf99637479	https://www.jointaro.com/interviews/companies/two-sigma/experiences/software-engineerinternship-united-states-september-6-2019-accepted-offer-positive-4c5db8ec
b02292de275ce860	https://www.jointaro.com/interviews/companies/two-sigma/experiences/software-engineerinternship-united-states-september-9-2018-no-offer-neutral-97a4b694
2ba273cfc0f8e5d0	https://www.jointaro.com/interviews/companies/two-sigma/experiences/software-engineer-intern-united-kingdom-march-20-2023-no-offer-neutral-698b3c5c
37e48999ce53b8d1	https://www.jointaro.com/interviews/companies/two-sigma/experiences/software-engineer-intern-united-states-january-1-2024-no-offer-neutral-8238d919
58dae6164fc7c573	https://www.jointaro.com/interviews/companies/two-sigma/experiences/software-engineer-intern-united-states-june-29-2021-no-offer-neutral-812cf321
08a51a695e7bf833	https://www.jointaro.com/interviews/companies/two-sigma/experiences/swe-intern-new-york-ny-december-1-2020-no-offer-positive-564c57b8
c03a64094cd35b6d	https://www.jointaro.com/interviews/companies/two-sigma/experiences/swe-intern-new-york-ny-february-1-2024-no-offer-positive-8cc55909
76ecc7dd78a395e7	https://www.jointaro.com/interviews/companies/two-sigma/experiences/swe-intern-new-york-ny-february-1-2024-no-offer-positive-f9b94c43
967d7254ab442843	https://www.jointaro.com/interviews/companies/two-sigma/experiences/swe-intern-united-states-december-2-2023-no-offer-neutral-ee7ee7c3
